

insert into users values (
  1, "Ashley", 24
);
insert into users values (
  2, "Bill", 52
);
insert into users values (
  3, "Cathy", 36
);
insert into users values (
  4, "David", 63
);
insert into users values (
  5, "Ethan", 19
);
insert into users values (
  6, "Freddie", 34
);
insert into users values (
  7, "George", 66
);
insert into users values (
  8, "Hailey", 18
);
insert into users values (
  9, "Ian", 47
);
insert into users values (
  10, "Jackie", 41
);
insert into users values (
  11, "Keith", 13
);
insert into users values (
  12, "Leah", 28
);
insert into users values (
  13, "Mark", 55
);
insert into users values (
  14, "Natasha", 18
);
insert into users values (
  15, "Olivia", 61
);
insert into users values (
  16, "Paige", 38
);
insert into users values (
  17, "Quincy", 21
);
insert into users values (
  18, "Randy", 57
);
insert into users values (
  19, "Steve", 49
);
insert into users values (
  20, "Thomas", 54
);


insert into projects (title, category, funding_goal, start_date, end_date) values (
  "proj1", "cat1", 1500, '2013-10-07','2014-10-07'
);
insert into projects (title, category, funding_goal, start_date, end_date) values (
  "proj2", "cat4", 500, '2017-01-01','2017-01-01'
);
insert into projects (title, category, funding_goal, start_date, end_date) values (
  "proj3", "cat4", 1500, '2013-10-07','2014-10-07'
);
insert into projects (title, category, funding_goal, start_date, end_date) values (
  "proj4", "cat3", 1500, '2013-10-07','2014-10-07'
);
insert into projects (title, category, funding_goal, start_date, end_date) values (
  "proj5", "cat5", 1500, '2013-10-07','2014-10-07'
);
insert into projects (title, category, funding_goal, start_date, end_date) values (
  "proj6", "cat1", 1500, '2013-10-07','2014-10-07'
);
insert into projects (title, category, funding_goal, start_date, end_date) values (
  "proj7", "cat1", 1500, '2013-10-07','2014-10-07'
);
insert into projects (title, category, funding_goal, start_date, end_date) values (
  "proj8", "cat2", 1500, '2013-10-07','2014-10-07'
);
insert into projects (title, category, funding_goal, start_date, end_date) values (
  "proj9", "cat3", 1500, '2013-10-07','2014-10-07'
);
insert into projects (title, category, funding_goal, start_date, end_date) values (
  "proj10", "cat3", 1500, '2013-10-07','2014-10-07'
);

insert into pledges (amount, project_id, user_id) values (
  1, 10, 20
);
insert into pledges (amount, project_id, user_id) values (
  20, 2, 1
);
insert into pledges (amount, project_id, user_id) values (
  15, 8, 11
);
insert into pledges (amount, project_id, user_id) values (
  100, 7, 16
);
insert into pledges (amount, project_id, user_id) values (
  5, 4, 15
);
insert into pledges (amount, project_id, user_id) values (
  1, 2, 2
);
insert into pledges (amount, project_id, user_id) values (
  2, 1, 3
);
insert into pledges (amount, project_id, user_id) values (
  25, 1, 4
);
insert into pledges (amount, project_id, user_id) values (
  15, 9, 5
);
insert into pledges (amount, project_id, user_id) values (
  10, 10, 6
);
insert into pledges (amount, project_id, user_id) values (
  5, 5, 7
);
insert into pledges (amount, project_id, user_id) values (
  5, 6, 8
);
insert into pledges (amount, project_id, user_id) values (
  1, 3, 9
);
insert into pledges (amount, project_id, user_id) values (
  20, 2, 10
);
insert into pledges (amount, project_id, user_id) values (
  25, 8, 12
);
insert into pledges (amount, project_id, user_id) values (
  50, 5, 13
);
insert into pledges (amount, project_id, user_id) values (
  20, 6, 14
);
insert into pledges (amount, project_id, user_id) values (
  100, 8, 15
);
insert into pledges (amount, project_id, user_id) values (
  1, 10, 16
);
insert into pledges (amount, project_id, user_id) values (
  5, 9, 17
);
insert into pledges (amount, project_id, user_id) values (
  15, 2, 18
);
insert into pledges (amount, project_id, user_id) values (
  15, 2, 19
);
insert into pledges (amount, project_id, user_id) values (
  50, 7, 12
);
insert into pledges (amount, project_id, user_id) values (
  100, 9, 1
);
insert into pledges (amount, project_id, user_id) values (
  15, 6, 13
);
insert into pledges (amount, project_id, user_id) values (
  1, 5, 12
);
insert into pledges (amount, project_id, user_id) values (
  5, 3, 14
);
insert into pledges (amount, project_id, user_id) values (
  3, 4, 7
);
insert into pledges (amount, project_id, user_id) values (
  3, 10, 3
);
insert into pledges (amount, project_id, user_id) values (
  25, 3, 5
);
